{"beed.tif": [[[75.7497373, 19.0209405], [75.7508319, 18.9969765], [75.7807262, 18.9982091], [75.7796364, 19.0221734], [75.7497373, 19.0209405]]], "tiruchchendur.tif": [[[78.1014133, 8.5268495], [78.1021528, 8.5008392], [78.1258493, 8.5015049], [78.1251139, 8.5275155], [78.1014133, 8.5268495]]], "dimapur.tif": [[[93.7028339, 25.9216281], [93.700523, 25.8926731], [93.7431067, 25.8898878], [93.7454264, 25.9188423], [93.7028339, 25.9216281]]], "hubli.tif": [[[75.0269966, 15.3709337], [75.0284801, 15.3410077], [75.0533501, 15.3421666], [75.0518714, 15.3720929], [75.0269966, 15.3709337]]], "moga.tif": [[[75.1329446, 30.8256745], [75.1355529, 30.7781909], [75.1756896, 30.7798293], [75.1730955, 30.8273133], [75.1329446, 30.8256745]]], "sangli.tif": [[[74.5815602, 16.9279051], [74.5821836, 16.9161347], [74.5925616, 16.9166437], [74.5919391, 16.9284141], [74.5815602, 16.9279051]]], "yavatmal.tif": [[[78.1099258, 20.3838449], [78.1105723, 20.3622608], [78.1284064, 20.3627349], [78.1277625, 20.384319], [78.1099258, 20.3838449]]], "ramgarh.tif": [[[85.4873144, 23.6416751], [85.4867758, 23.6158555], [85.5056057, 23.615521], [85.5061477, 23.6413406], [85.4873144, 23.6416751]]], "kumarghat.tif": [[[92.0334384, 24.1711092], [92.032449, 24.1563246], [92.0503421, 24.1553157], [92.0513333, 24.1701002], [92.0334384, 24.1711092]]], "ambikapur.tif": [[[83.1787602, 23.1375405], [83.1786447, 23.1130594], [83.2087293, 23.1129352], [83.20885, 23.1374163], [83.1787602, 23.1375405]]], "badravati.tif": [[[75.6681066, 13.8432033], [75.6692622, 13.8175237], [75.7177133, 13.8195981], [75.7165659, 13.8452781], [75.6681066, 13.8432033]]], "attur.tif": [[[78.6046418, 11.6072209], [78.6050018, 11.5930588], [78.6317973, 11.5937185], [78.6314397, 11.6078807], [78.6046418, 11.6072209]]], "morvi.tif": [[[70.8113254, 22.828578], [70.8130985, 22.8067574], [70.8444436, 22.8089432], [70.8426753, 22.8307641], [70.8113254, 22.828578]]], "udhampur.tif": [[[75.1228476, 32.9319963], [75.1238211, 32.9147076], [75.1493627, 32.9157288], [75.1483926, 32.9330176], [75.1228476, 32.9319963]]]}